{
  "id": "1615230",
  "name": "钉钉",
  "font_family": "iconfont",
  "css_prefix_text": "icon-",
  "description": "",
  "glyphs": [
    {
      "icon_id": "5878990",
      "name": "联系人",
      "font_class": "lianxiren",
      "unicode": "e614",
      "unicode_decimal": 58900
    },
    {
      "icon_id": "5879009",
      "name": "设备管理",
      "font_class": "shebeiguanli",
      "unicode": "e61b",
      "unicode_decimal": 58907
    },
    {
      "icon_id": "5879021",
      "name": "时间",
      "font_class": "shijian",
      "unicode": "e620",
      "unicode_decimal": 58912
    },
    {
      "icon_id": "5879030",
      "name": "图片",
      "font_class": "tupian",
      "unicode": "e625",
      "unicode_decimal": 58917
    },
    {
      "icon_id": "5879114",
      "name": "组合",
      "font_class": "zuhe",
      "unicode": "e628",
      "unicode_decimal": 58920
    },
    {
      "icon_id": "5881133",
      "name": "保存布局",
      "font_class": "baocunbuju",
      "unicode": "e629",
      "unicode_decimal": 58921
    },
    {
      "icon_id": "5881136",
      "name": "单行文本",
      "font_class": "danhangwenben",
      "unicode": "e62a",
      "unicode_decimal": 58922
    },
    {
      "icon_id": "5881137",
      "name": "车辆",
      "font_class": "cheliang",
      "unicode": "e62b",
      "unicode_decimal": 58923
    },
    {
      "icon_id": "5881139",
      "name": "出勤分析",
      "font_class": "chuqinfenxi",
      "unicode": "e62c",
      "unicode_decimal": 58924
    },
    {
      "icon_id": "5881141",
      "name": "部门",
      "font_class": "bumen",
      "unicode": "e62d",
      "unicode_decimal": 58925
    },
    {
      "icon_id": "5881143",
      "name": "地址",
      "font_class": "dizhi",
      "unicode": "e62e",
      "unicode_decimal": 58926
    },
    {
      "icon_id": "5881145",
      "name": "多行文本",
      "font_class": "duohangwenben",
      "unicode": "e62f",
      "unicode_decimal": 58927
    },
    {
      "icon_id": "5881146",
      "name": "单选框",
      "font_class": "danxuankuang",
      "unicode": "e630",
      "unicode_decimal": 58928
    },
    {
      "icon_id": "5881147",
      "name": "多选框",
      "font_class": "duoxuankuang",
      "unicode": "e631",
      "unicode_decimal": 58929
    },
    {
      "icon_id": "5881149",
      "name": "符号-数字输入框",
      "font_class": "fuhao-shuzishurukuang",
      "unicode": "e632",
      "unicode_decimal": 58930
    },
    {
      "icon_id": "5881151",
      "name": "附件",
      "font_class": "fujian",
      "unicode": "e633",
      "unicode_decimal": 58931
    },
    {
      "icon_id": "5881159",
      "name": "规则说明",
      "font_class": "guizeshuoming",
      "unicode": "e638",
      "unicode_decimal": 58936
    },
    {
      "icon_id": "5881161",
      "name": "会议室",
      "font_class": "huiyishi",
      "unicode": "e639",
      "unicode_decimal": 58937
    },
    {
      "icon_id": "5881162",
      "name": "计算 (2)",
      "font_class": "jisuan",
      "unicode": "e63a",
      "unicode_decimal": 58938
    },
    {
      "icon_id": "5881170",
      "name": "金额",
      "font_class": "jine",
      "unicode": "e63b",
      "unicode_decimal": 58939
    },
    {
      "icon_id": "5881173",
      "name": "明细",
      "font_class": "mingxi",
      "unicode": "e63d",
      "unicode_decimal": 58941
    },
    {
      "icon_id": "5881174",
      "name": "清除",
      "font_class": "qingchu",
      "unicode": "e63e",
      "unicode_decimal": 58942
    },
    {
      "icon_id": "5881185",
      "name": "日期",
      "font_class": "riqi",
      "unicode": "e642",
      "unicode_decimal": 58946
    },
    {
      "icon_id": "5881194",
      "name": "设备管理",
      "font_class": "shebeiguanli1",
      "unicode": "e649",
      "unicode_decimal": 58953
    },
    {
      "icon_id": "5881199",
      "name": "审批",
      "font_class": "shenpi",
      "unicode": "e64c",
      "unicode_decimal": 58956
    },
    {
      "icon_id": "9307592",
      "name": "钉钉",
      "font_class": "dingding",
      "unicode": "e690",
      "unicode_decimal": 59024
    }
  ]
}
